--Q1
SQL> COLUMN Salary FORMAT $9,999,999.99;
SQL> SELECT INITCAP(lname)||', '||INITCAP(fname) as FullName, Salary FROM employee;

FULLNAME                                 SALARY                                 
-------------------------------- --------------                                 
Smith, John                         $265,000.00                                 
Houston, Larry                      $150,000.00                                 
Roberts, Sandi                       $75,000.00                                 
Mccall, Alex                         $66,500.00                                 
Dev, Derek                           $80,000.00                                 
Shaw, Jinku                          $24,500.00                                 
Garner, Stanley                      $45,000.00                                 
Chen, Sunny                          $35,000.00                                 

8 rows selected.

SQL> 
SQL> --Q2
SQL> SELECT INITCAP(lname)||', '||INITCAP(fname) as FullName, nvl(commission,0) AS commission from employee;

FULLNAME                         COMMISSION                                     
-------------------------------- ----------                                     
Smith, John                           35000                                     
Houston, Larry                        10000                                     
Roberts, Sandi                            0                                     
Mccall, Alex                              0                                     
Dev, Derek                            20000                                     
Shaw, Jinku                            3000                                     
Garner, Stanley                        5000                                     
Chen, Sunny                               0                                     

8 rows selected.

SQL> 
SQL> --Q3
SQL> select building,count(roomno) as CountRoomNo from location group by building;

BUILDIN COUNTROOMNO                                                             
------- -----------                                                             
Gandhi            5                                                             
Kennedy           4                                                             
Nehru             2                                                             

SQL> 
SQL> --Q4
SQL> select unique building from location;

BUILDIN                                                                         
-------                                                                         
Gandhi                                                                          
Kennedy                                                                         
Nehru                                                                           

SQL> 
SQL> --Q5
SQL> SELECT last||', '||first as FullName, EXTRACT(DAY FROM birthdate)||' '||TRIM(' ' FROM TO_CHAR(birthdate,'MONTH'))||','||EXTRACT(YEAR FROM birthdate) AS Birthdate FROM student;

FULLNAME                                                                        
--------------------------------                                                
BIRTHDATE                                                                       
--------------------------------------------------------------------------------
Diaz, Jose                                                                      
12 FEBRUARY,1983                                                                
                                                                                
Tyler, Mickey                                                                   
18 MARCH,1984                                                                   
                                                                                
Patel, Rajesh                                                                   
12 DECEMBER,1985                                                                
                                                                                

FULLNAME                                                                        
--------------------------------                                                
BIRTHDATE                                                                       
--------------------------------------------------------------------------------
Rickles, Deborah                                                                
20 OCTOBER,1970                                                                 
                                                                                
Lee, Brian                                                                      
28 NOVEMBER,1985                                                                
                                                                                
Khan, Amir                                                                      
7 JULY,1984                                                                     
                                                                                

6 rows selected.

SQL> 
SQL> --Q6
SQL> select avg(TRUNC((sysdate-birthdate)/365,0)),max(TRUNC((sysdate-birthdate)/365,0)) AS Highest,min(TRUNC((sysdate-birthdate)/365,0)) as lowest from student;

AVG(TRUNC((SYSDATE-BIRTHDATE)/365,0))    HIGHEST     LOWEST                     
------------------------------------- ---------- ----------                     
                                 32.5         44         29                     

SQL> 
SQL> --Q7
SQL> select INITCAP(lname)||', '||INITCAP(fname) as FullName, count(dependent.DEPENDENTID) AS CountOfDependent from employee left join dependent on employee.employeeid = dependent.employeeid
  2  group by employee.lname,employee.fname having count(dependent.DEPENDENTID)  >= 2;

FULLNAME                         COUNTOFDEPENDENT                               
-------------------------------- ----------------                               
Chen, Sunny                                     3                               
Dev, Derek                                      2                               

SQL> 
SQL> --Q8
SQL> SELECT lname||', '||fname as FullName, TO_CHAR(hiredate,'YYYY') AS Hire FROM Employee;

FULLNAME                         HIRE                                           
-------------------------------- ----                                           
Smith, John                      1960                                           
Houston, Larry                   1967                                           
Roberts, Sandi                   1991                                           
McCall, Alex                     1997                                           
Dev, Derek                       1995                                           
Shaw, Jinku                      2000                                           
Garner, Stanley                  1996                                           
Chen, Sunny                      1999                                           

8 rows selected.

SQL> 
SQL> --Q9
SQL> --(a) ignore nulls
SQL> select avg(commission) as avg_commission from employee where commission is not null;

AVG_COMMISSION                                                                  
--------------                                                                  
         14600                                                                  

SQL> --(b) not ignore nulls
SQL> select avg(nvl(commission,0)) as avg_commission from employee;

AVG_COMMISSION                                                                  
--------------                                                                  
          9125                                                                  

SQL> 
SQL> --Q10
SQL> select courseid,termid,sum(maxcount) from crssection group by termid,courseid;

COURSE TERM SUM(MAXCOUNT)                                                       
------ ---- -------------                                                       
CIS265 WN03            30                                                       
AC101  WN03            35                                                       
CIS253 WN03            40                                                       
MA150  WN03            25                                                       
CIS253 SP03            82                                                       
LA123  SP03            30                                                       
CIS265 SP03            65                                                       

7 rows selected.

SQL> 
SQL> --Q11
SQL> SELECT POWER(2,10) FROM DUAL;

POWER(2,10)                                                                     
-----------                                                                     
       1024                                                                     

SQL> 
SQL> --Q12
SQL> select courseid,termid,sum(maxcount) from crssection group by termid,courseid;

COURSE TERM SUM(MAXCOUNT)                                                       
------ ---- -------------                                                       
CIS265 WN03            30                                                       
AC101  WN03            35                                                       
CIS253 WN03            40                                                       
MA150  WN03            25                                                       
CIS253 SP03            82                                                       
LA123  SP03            30                                                       
CIS265 SP03            65                                                       

7 rows selected.

SQL> 
SQL> --Q13
SQL> select department.DEPTNAME, count(faculty.facultyid) as CountOfFaculty from faculty left join department on faculty.DEPTID = department.DEPTID group by faculty.DEPTID,department.DEPTNAME;

DEPTNAME             COUNTOFFACULTY                                             
-------------------- --------------                                             
Accounting                        2                                             
Math and Science                  1                                             
Computer Science                  2                                             
Telecommunications                2                                             
Liberal Arts                      1                                             

SQL> 
SQL> --Q14
SQL> select dept.deptname,avg(employee.salary) from employee left join dept on employee.deptid = dept.deptid
  2  group by employee.deptid,dept.deptid, dept.deptname
  3  having avg(employee.salary)>75000;

DEPTNAME     AVG(EMPLOYEE.SALARY)                                               
------------ --------------------                                               
Marketing                  150000                                               
Finance                    125000                                               

SQL> 
SQL> --Q15
SQL> SELECT lname||', '||fname as FullName, TRUNC(MONTHS_BETWEEN (sysdate,hiredate)/12) AS NumberOfYear FROM Employee;

FULLNAME                         NUMBEROFYEAR                                   
-------------------------------- ------------                                   
Smith, John                                54                                   
Houston, Larry                             47                                   
Roberts, Sandi                             23                                   
McCall, Alex                               17                                   
Dev, Derek                                 20                                   
Shaw, Jinku                                15                                   
Garner, Stanley                            19                                   
Chen, Sunny                                15                                   

8 rows selected.

SQL> 
SQL> --Q16
SQL> SELECT last||', '||first as FullName, birthdate FROM student WHERE TO_CHAR(birthdate, 'mm') = '05';

no rows selected

SQL> --in the student table, there isn't the student who are born in the month of May
SQL> 
SQL> --Q17
SQL> select lname,fname,salary+nvl(commission,0) from employee;

LNAME           FNAME           SALARY+NVL(COMMISSION,0)                        
--------------- --------------- ------------------------                        
Smith           John                              300000                        
Houston         Larry                             160000                        
Roberts         Sandi                              75000                        
McCall          Alex                               66500                        
Dev             Derek                             100000                        
Shaw            Jinku                              27500                        
Garner          Stanley                            50000                        
Chen            Sunny                              35000                        

8 rows selected.

SQL> 
SQL> --Q18
SQL> SELECT lname||', '||fname as FullName,Salary, CASE WHEN Salary>100000 THEN 'HIGH' WHEN Salary BETWEEN 50000 AND 100000 THEN 'MEDIUM' WHEN Salary<50000 THEN 'LOW' END AS SalLvl FROM employee;

FULLNAME                                 SALARY SALLVL                          
-------------------------------- -------------- ------                          
Smith, John                         $265,000.00 HIGH                            
Houston, Larry                      $150,000.00 HIGH                            
Roberts, Sandi                       $75,000.00 MEDIUM                          
McCall, Alex                         $66,500.00 MEDIUM                          
Dev, Derek                           $80,000.00 MEDIUM                          
Shaw, Jinku                          $24,500.00 LOW                             
Garner, Stanley                      $45,000.00 LOW                             
Chen, Sunny                          $35,000.00 LOW                             

8 rows selected.

SQL> 
SQL> 
